dataset,n,m,B,light_cpu_time,light_wall_time,heavy_cpu_time,heavy_wall_time
DS-1,5001,100,100,0.13571781400000305,0.1357254981994629,0.1294713049999956,0.1294851303100586
