dataset,n,m,B,light_cpu_time,light_wall_time,heavy_cpu_time,heavy_wall_time
DS-2,5001,100,100,0.31008984100003545,0.31015658378601074,0.30379794100002755,0.30392026901245117
