dataset,n,m,B,light_cpu_time,light_wall_time,heavy_cpu_time,heavy_wall_time
DS-3,5096,100,100,0.13098539100002426,0.1310594081878662,0.12350057399999059,0.12351393699645996
