dataset,n,m,B,light_cpu_time,light_wall_time,heavy_cpu_time,heavy_wall_time
DS-4,5014,100,100,0.4906452169999511,0.49069881439208984,0.46804216300006374,0.46804332733154297
