dataset,n,m,B,time
DS-2,5001,100,1000,3.043267250061035
DS-2,5001,300,1000,9.030876398086548
DS-2,5001,500,1000,15.0690016746521
DS-2,5001,700,1000,21.042911767959595
DS-2,5001,900,1000,27.183542013168335
DS-2,5001,1100,1000,33.368754625320435
