dataset,n,m,B,time
DS-3,5096,100,1000,1.268486499786377
DS-3,5096,300,1000,3.653019905090332
DS-3,5096,500,1000,6.092466354370117
DS-3,5096,700,1000,8.549679040908813
DS-3,5096,900,1000,11.208661556243896
DS-3,5096,1100,1000,13.659705877304077
