dataset,n,m,B,time
DS-1,5001,100,1000,1.346060037612915
DS-1,5001,100,3000,3.8412585258483887
DS-1,5001,100,5000,6.441994905471802
DS-1,5001,100,7000,8.961124658584595
DS-1,5001,100,9000,11.552421569824219
DS-1,5001,100,11000,14.108840703964233
