dataset,n,m,B,time
DS-3,2001,100,100,0.10662221908569336
DS-3,2301,100,100,0.0926508903503418
DS-3,2601,100,100,0.09746670722961426
DS-3,2901,100,100,0.09890961647033691
DS-3,3201,100,100,0.10420346260070801
DS-3,3501,100,100,0.12387251853942871
DS-3,3801,100,100,0.13791966438293457
DS-3,4101,100,100,0.1169579029083252
DS-3,4401,100,100,0.128065824508667
DS-3,4701,100,100,0.14193010330200195
DS-3,5096,100,100,0.12632179260253906
