dataset,n,m,B,time
DS-2,2001,100,100,0.1745748519897461
DS-2,2301,100,100,0.20328187942504883
DS-2,2601,100,100,0.20419573783874512
DS-2,2901,100,100,0.21698665618896484
DS-2,3201,100,100,0.23953676223754883
DS-2,3501,100,100,0.30631256103515625
DS-2,3801,100,100,0.2575538158416748
DS-2,4101,100,100,0.28229427337646484
DS-2,4401,100,100,0.30579376220703125
DS-2,4701,100,100,0.3227972984313965
DS-2,5001,100,100,0.3085672855377197
