dataset,n,m,B,time
DS-1,5001,100,1000,1.2984974384307861
DS-1,5001,300,1000,3.8739635944366455
DS-1,5001,500,1000,6.440317869186401
DS-1,5001,700,1000,9.039141416549683
DS-1,5001,900,1000,11.60758924484253
DS-1,5001,1100,1000,14.223243236541748
