dataset,n,m,B,time
DS-3,5096,100,1000,1.247234582901001
DS-3,5096,100,3000,3.689796209335327
DS-3,5096,100,5000,6.16446328163147
DS-3,5096,100,7000,8.623608589172363
DS-3,5096,100,9000,11.076357126235962
DS-3,5096,100,11000,13.576994895935059
