dataset,n,m,B,time
DS-4,5014,100,1000,4.746400594711304
DS-4,5014,100,3000,14.179864645004272
DS-4,5014,100,5000,23.61371612548828
DS-4,5014,100,7000,33.080934286117554
DS-4,5014,100,9000,42.52425265312195
DS-4,5014,100,11000,51.99661207199097
