dataset,n,m,B,time
DS-1,2001,100,100,0.0858008861541748
DS-1,2301,100,100,0.09227395057678223
DS-1,2601,100,100,0.0920252799987793
DS-1,2901,100,100,0.09752488136291504
DS-1,3201,100,100,0.10016107559204102
DS-1,3501,100,100,0.10608243942260742
DS-1,3801,100,100,0.1114811897277832
DS-1,4101,100,100,0.11457514762878418
DS-1,4401,100,100,0.12157440185546875
DS-1,4701,100,100,0.1261591911315918
DS-1,5001,100,100,0.13353204727172852
