dataset,n,m,B,time
DS-4,5014,100,1000,4.7142274379730225
DS-4,5014,300,1000,14.103352069854736
DS-4,5014,500,1000,23.567131280899048
DS-4,5014,700,1000,32.96922945976257
DS-4,5014,900,1000,42.66608190536499
DS-4,5014,1100,1000,52.13926148414612
