dataset,n,m,B,time
DS-4,2001,100,100,0.2494802474975586
DS-4,2301,100,100,0.2672548294067383
DS-4,2601,100,100,0.2881355285644531
DS-4,2901,100,100,0.3333132266998291
DS-4,3201,100,100,0.33402180671691895
DS-4,3501,100,100,0.35845494270324707
DS-4,3801,100,100,0.38088417053222656
DS-4,4101,100,100,0.42238712310791016
DS-4,4401,100,100,0.43180274963378906
DS-4,4701,100,100,0.4470407962799072
DS-4,5014,100,100,0.4799964427947998
