dataset,n,m,B,time
DS-2,5001,100,1000,3.019258737564087
DS-2,5001,100,3000,9.086573362350464
DS-2,5001,100,5000,15.050091981887817
DS-2,5001,100,7000,21.156829357147217
DS-2,5001,100,9000,27.116600513458252
DS-2,5001,100,11000,33.18543457984924
